"NUM_PLACA","TIPO","ENDERECO","SENTIDO","LONGITUDE","LATITUDE","LINK","GABARITO"
"100","PADRÃO","AV. SANTOS DUMONT. 1076 - ALDEOTA. FORTALEZA - CE. EM FRENTE A TALIMPO", "SENTIDO SHOPPING DEL PASEO","-3.731112","-38.514051","https://www.google.com.br/OutdoorPadrao-100","https://drive.google.com/Gabarito-100".
"101","PADRÃO","AQUIRAZ - BALAO ACESSO AQUIRAZ - CE - 040 – 1","F. IGUAPE","-3.913540","-38.388516","https://www.google.com.br/OutdoorPadrao-101","https://drive.google.com/Gabarito-101"
"102","PADRÃO","AQUIRAZ - BALAO ACESSO AQUIRAZ - CE - 040 – 2","F. IGUAPE","-3.913540","-38.388516","https://www.google.com.br/OutdoorPadrao-102","https://drive.google.com/Gabarito-102"
"104","PADRÃO","AV SEN CARLOS JEREISSATI PROX MAKRO – 2","AEROPORTO","-3.784599","-38.517627","https://www.google.com.br/OutdoorPadrao-104","https://drive.google.com/Gabarito-104"
"106","PADRÃO","AQUIRAZ - BALAO ACESSO AQUIRAZ - CE - 040  - 3","F. IGUAPE","-3.913540","-38.388516","https://www.google.com.br/OutdoorPadrao-106","https://drive.google.com/Gabarito-106"
"113","PADRÃO","AV. BERNARDO MANOEL AO SUPERMERCADO FRANGOLANDIA - .1","AC. JOSE W","-3.792608","-38.549648","https://www.google.com.br/OutdoorPadrao-113","https://drive.google.com/Gabarito-113"
"114","PADRÃO","AV. BERNARDO MANOEL AO SUPERMERCADO FRANGOLANDIA - .1","AC. JOSE W","-3.793410","-38.549893","https://www.google.com.br/OutdoorPadrao-114","https://drive.google.com/Gabarito-114"
"115","PADRÃO","AV. BERNARDO MANOEL AO SUPERMERCADO FRANGOLANDIA - .3","AC. JOSE W","-3.793410","-38.549893","https://www.google.com.br/OutdoorPadrao-115","https://drive.google.com/Gabarito-115"
"116","PADRÃO","AV. BERNARDO MANOEL AO SUPERMERCADO FRANGOLANDIA - .4","AC. AEROPO","-3.792608","-38.549648","https://www.google.com.br/OutdoorPadrao-116","https://drive.google.com/Gabarito-116"
"117","PADRÃO","AV. BERNARDO MANOEL AO SUPERMERCADO FRANGOLANDIA - .5","AC. AEROPO","-3.792608","-38.549648","https://www.google.com.br/OutdoorPadrao-117","https://drive.google.com/Gabarito-117"
"118","PADRÃO","AV. RAUL BARBOSA AO LADO POSTO IPIRANGA","P.VIEIRA","-3.759862","-38.504685","https://www.google.com.br/OutdoorPadrao-118","https://drive.google.com/Gabarito-118"
"119","PADRÃO","AV. JOAO PESSOA ESQ COM RUA PROF. COSTA MENDES","J.PESSOA","-3.752312","-38.549547","https://www.google.com.br/OutdoorPadrao-119","https://drive.google.com/Gabarito-119"
"120","PADRÃO","R. PE. VALDEVINO ESQ TIBUR CAVALCANTE – 1","F. PRAIA","-3.742967","-38.504713","https://www.google.com.br/OutdoorPadrao-120","https://drive.google.com/Gabarito-120"
"122","PADRÃO","AV. GODOFREDO MACIEL BALAO DO  MONDUBIM – 2","F.J.WALTER","-3.812171","-38.574949","https://www.google.com.br/OutdoorPadrao-122","https://drive.google.com/Gabarito-122"
"123","PADRÃO","AV. GODOFREDO MACIEL BALAO DO  MONDUBIM – 1","F.J.WALTER","-3.812171","-38.574949","https://www.google.com.br/OutdoorPadrao-123","https://drive.google.com/Gabarito-123"
"126","PADRÃO","ARACATI - ENTRADA ARACATI - AV CEL P. ALEXANDRINO - PX PONTE ENTR","F. ENTRADA","-4.577703","-37.778435","https://www.google.com.br/OutdoorPadrao-126","https://drive.google.com/Gabarito-126"
"129","PADRÃO","AV PERIMETRAL PX FAB TERCEIRA VIA – 1","M.HULL","-3.754008","-38.582657","https://www.google.com.br/OutdoorPadrao-129","https://drive.google.com/Gabarito-129"
"131","PADRÃO","R. PE. VALDEVINO ESQ TIBUR CAVALCANTE – 2","F. PRAIA","-3.742967","-38.504713","https://www.google.com.br/OutdoorPadrao-131","https://drive.google.com/Gabarito-131"
"135","PADRÃO","AV. RAUL BARBOSA PROX. MADEIREIRA R. BRANCO - .1","AC. ALDEOT","-3.760476","-38.504954","https://www.google.com.br/OutdoorPadrao-135","https://drive.google.com/Gabarito-135"
"136","PADRÃO","AV. RAUL BARBOSA PROX. MADEIREIRA R. BRANCO - .2","AC. AEROPO","-3.760476","-38.504954","https://www.google.com.br/OutdoorPadrao-136","https://drive.google.com/Gabarito-136"
"140","PADRÃO","ESTR. IPIRANGA. ACESSO AO ICARAI - PROXIMO A PREFEITURA DE CAUCAIA","SENTIDO CAUCAIA","-3.735613","-38.645364","https://www.google.com.br/OutdoorPadrao-140","https://drive.google.com/Gabarito-140"
"141","PADRÃO","ESTR. IPIRANGA. ACESSO AO ICARAI - PROXIMO A PREFEITURA DE CAUCAIA","SENTIDO FORTALEZA","-3.735896","-38.645424","https://www.google.com.br/OutdoorPadrao-141","https://drive.google.com/Gabarito-141"
"162","PADRÃO","ARACATI - RUA AGAPITO DOS SANTOS EM FRENTE COLEGIO MARISTA - .3    ","AC PRAIA  ","-4.564238","-37.769835","https://www.google.com.br/OutdoorPadrao-162","https://drive.google.com/Gabarito-162"
"164","PADRÃO","ARACATI - BR 304 - CHEGADA RIO JAGUARIBE","SENTIDO ARACATI","-4.576198","-37.788961","https://www.google.com.br/OutdoorPadrao-164","https://drive.google.com/Gabarito-164"
"165","PADRÃO","ARACATI - BR 304 - CHEGADA RIO JAGUARIBE","SENTIDO ARACATI","-4.576198","-37.788961","https://www.google.com.br/OutdoorPadrao-165","https://drive.google.com/Gabarito-165"
"166","PADRÃO","ARACATI - BR 304 - CHEGADA RIO JAGUARIBE","SENTIDO ARACATI","-4.575974","-37.789574","https://www.google.com.br/OutdoorPadrao-166","https://drive.google.com/Gabarito-166"
"167","PADRÃO","ARACATI - BR 304 - CHEGADA RIO JAGUARIBE","SENTIDO ARACATI","-4.575974","-37.789574","https://www.google.com.br/OutdoorPadrao-167","https://drive.google.com/Gabarito-167"
"172","PADRÃO","CASCAVEL - CE - 040 - ENTRADA CASCAVEL – 1 ","FORTALEZA","-4.129812","-38.250852","https://www.google.com.br/OutdoorPadrao-172","https://drive.google.com/Gabarito-172"
"173","PADRÃO","CASCAVEL - CE - 040 - ENTRADA CASCAVEL – 2 ","FORTALEZA","-4.129812","-38.250852","https://www.google.com.br/OutdoorPadrao-173","https://drive.google.com/Gabarito-173"
"174","PADRÃO","ARACATI - CE 040 - AO LADO FACULDADE FVJ - 1 - .                   ","AC. ARACAT ","-4.571003","-37.791732","https://www.google.com.br/OutdoorPadrao-174","https://drive.google.com/Gabarito-174"
"176","PADRÃO","CASCAVEL - ROD. PLACIDO CASTELO - ACESSO CE -","AC. FORTAL","-4.123839","-38.260569","https://www.google.com.br/OutdoorPadrao-176","https://drive.google.com/Gabarito-176"
"177","PADRÃO","CASCAVEL - ROD. PLACIDO CASTELO - ACESSO CASC ","AC. CASCAV","-4.123888","-38.260492","https://www.google.com.br/OutdoorPadrao-177","https://drive.google.com/Gabarito-177"
"178","PADRÃO","AQUIRAZ - AV. CAMINHO DO SOL EM FRENTE HOTEL ","AC. BEACH ","-3.841700","-38.399950","https://www.google.com.br/OutdoorPadrao-178","https://drive.google.com/Gabarito-178"
"179","PADRÃO","AQUIRAZ - AV. CAMINHO DO SOL EM FRENTE HOTEL  ","AC. BEACH","-3.841700","-38.399950","https://www.google.com.br/OutdoorPadrao-179","https://drive.google.com/Gabarito-179"
"184","PADRÃO","RUA. JOAQUIM NOGUEIRA DE QUEIROZ. EM FRENTE AO MERCADO DE PACAJUS ","MERCADO PACAJUS","-4.173251","-38.462136","https://www.google.com.br/OutdoorPadrao-184","https://drive.google.com/Gabarito-184"
"185","PADRÃO","PACAJUS - ENTRADA DE PACAJUS LADO DIREITO - BR 116","FORTALEZA","-4.160495","-38.470632","https://www.google.com.br/OutdoorPadrao-185","https://drive.google.com/Gabarito-185"
"186","PADRÃO","AV. DR. THEBERGE. PRÓX. PARQUE RAQUEL DE QUEIROZ","SENTIDO SHOPPING RIO MAR KENNEDY","-3.734810","-38.568839","https://www.google.com.br/OutdoorPadrao-186","https://drive.google.com/Gabarito-186"
"187","PADRÃO","AV. DR. THEBERGE. PRÓX. PARQUE RAQUEL DE QUEIROZ","SENTIDO SHOPPING RIO MAR KENNEDY","-3.734810","-38.568839","https://www.google.com.br/OutdoorPadrao-187","https://drive.google.com/Gabarito-187"
"188","PADRÃO","AV. DR. THEBERGE. PRÓX. PARQUE RAQUEL DE QUEIROZ","SENTIDO SHOPPING RIO MAR KENNEDY","-3.734810","-38.568839","https://www.google.com.br/OutdoorPadrao-188","https://drive.google.com/Gabarito-188"
"190","PADRÃO","ANTIGA CE 040. ENTRADA DO BEBERIBE - 1 ","AC BEBERIB","-4.183595","-38.147912","https://www.google.com.br/OutdoorPadrao-190","https://drive.google.com/Gabarito-190"
"192","PADRÃO","AV CEL CARVALHO EM FRENTE TERMINAL - ANTONIO BEZERRA  - 1","F.TERMINAL","-3.736073","-38.584076","https://www.google.com.br/OutdoorPadrao-192","https://drive.google.com/Gabarito-192"
"193","PADRÃO","AV CEL CARVALHO EM FRENTE TERMINAL - ANTONIO BEZERRA – 2","F.TERMINAL","-3.736073","-38.584076","https://www.google.com.br/OutdoorPadrao-193","https://drive.google.com/Gabarito-193"
"194","PADRÃO","AV. CEL.CARVALHO. AO LADO JAGUAR TINTAS ","AC. BARRA DO CEARA","-3.727068","-38.585333","https://www.google.com.br/OutdoorPadrao-194","https://drive.google.com/Gabarito-194"
"196","PADRÃO","AV GOMES BRASIL EM FRENTE SUPER LAGOA","SUP.LAGOA","-3.773572","-38.567803","https://www.google.com.br/OutdoorPadrao-196","https://drive.google.com/Gabarito-196"
"203","PADRÃO","AV RUI BARBOSA EM FRENTE ANTIGO PQ RECREIO - .1","AC HOSP. I","-3.746687","-38.512857","https://www.google.com.br/OutdoorPadrao-203","https://drive.google.com/Gabarito-203"
"204","PADRÃO","AV RUI BARBOSA  EM FRENTE ANTIGO PQ RECREIO - .2","AC HOSP. I","-3.746687","-38.512857","https://www.google.com.br/OutdoorPadrao-204","https://drive.google.com/Gabarito-204"
"207","PADRÃO","AV GOMES DE MATOS(INICIO) ESQ R. CESAR ROSAS PX P. MENOS","PARANGABA","-3.768628","-38.552891","https://www.google.com.br/OutdoorPadrao-207","https://drive.google.com/Gabarito-207"
"208","PADRÃO","RUA 15 DE NOVEMBRO. ESQ. COM ANTONIO FIIUZA","AC. AEROPORTO","-3.770164","-38.552511","https://www.google.com.br/OutdoorPadrao-208","https://drive.google.com/Gabarito-208"
"209","PADRÃO","RUA ANTONIO FIUZA. ESQ. COM 15 DE NOVEMBRO","AC. AEROPORTO","-3.770190","-38.552212","https://www.google.com.br/OutdoorPadrao-209","https://drive.google.com/Gabarito-209"
"217","PADRÃO","AV. RAUL BARBOSA AO LADO POSTO IPIRANGA - .1","AC. ALDEOT","-3.758821","-38.504664","https://www.google.com.br/OutdoorPadrao-217","https://drive.google.com/Gabarito-217"
"218","PADRÃO","AV. RAUL BARBOSA AO LADO POSTO IPIRANGA - .2","AC. AEROPO","-3.758821","-38.504664","https://www.google.com.br/OutdoorPadrao-218","https://drive.google.com/Gabarito-218"
"219","PADRÃO","AV. RAUL BARBOSA AO LADO POSTO IPIRANGA - .3","AC. AEROPO","-3.758563","-38.504661","https://www.google.com.br/OutdoorPadrao-219","https://drive.google.com/Gabarito-219"
"225","PADRÃO","AV. SGTO HERMINIO AO LADO MADECENTER","F. SERTAO","-3.728113","-38.570371","https://www.google.com.br/OutdoorPadrao-225","https://drive.google.com/Gabarito-225"
"227","PADRÃO","CAUCAIA - BR 222 - VIADUTO PX ANTIGO FRIFORT ","F. SERTAO","-3.741110","-38.601074","https://www.google.com.br/OutdoorPadrao-227","https://drive.google.com/Gabarito-227"
"248","PADRÃO","AV OSORIO  PAIVA PX COL LOURENCO FILHO – 1","F. LAGOA","-3.775368","-38.565945","https://www.google.com.br/OutdoorPadrao-248","https://drive.google.com/Gabarito-248"
"249","PADRÃO","AV OSORIO  PAIVA PX COL LOURENCO FILHO – 2","F. LAGOA","-3.775368","-38.565945","https://www.google.com.br/OutdoorPadrao-249","https://drive.google.com/Gabarito-249"
"250","PADRÃO","AV OSORIO  PAIVA PX COL LOURENCO FILHO – 3","F. LAGOA","-3.775079","-38.565681","https://www.google.com.br/OutdoorPadrao-250","https://drive.google.com/Gabarito-250"
"251","PADRÃO","AV OSORIO  PAIVA PX COL LOURENCO FILHO – 4","F. LAGOA","-3.775079","-38.565681","https://www.google.com.br/OutdoorPadrao-251","https://drive.google.com/Gabarito-251"
"256","PADRÃO","AV ALM MAX DA FONSECA EM FRENTE FAC 7 SETEMBRO – 1","F.FAC.SET","-3.771616","-38.483836","https://www.google.com.br/OutdoorPadrao-256","https://drive.google.com/Gabarito-256"
"257","PADRÃO","AV ALM MAX DA FONSECA EM FRENTE FAC 7 SETEMBRO – 2","F.FAC.SET","-3.771616","-38.483836","https://www.google.com.br/OutdoorPadrao-257","https://drive.google.com/Gabarito-257"
"258","PADRÃO","AV. LUCIANO CARNEIRO PROX REST CARAVELE","F. SERTAO","-3.763023","-38.536168","https://www.google.com.br/OutdoorPadrao-258","https://drive.google.com/Gabarito-258"
"259","PADRÃO","AV. LUCIANO CARNEIRO PROX REST CARAVELE","F. CENTRO","-3.762671","-38.536057","https://www.google.com.br/OutdoorPadrao-259","https://drive.google.com/Gabarito-259"
"265","PADRÃO","AV.GODOFREDO MACIEL - PROX.BALAO MONDUBIM - AC.PARANGABA – 2","AC.PARANGA","-3.818302","-38.575559","https://www.google.com.br/OutdoorPadrao-265","https://drive.google.com/Gabarito-265"
"281","PADRÃO","CE- 065 PROX. ROTATORIA DE MARACA AC.MARANGU","AC.MARANGU","-3.849946","-38.646021","https://www.google.com.br/OutdoorPadrao-281","https://drive.google.com/Gabarito-281"
"282","PADRÃO","CE- 065 PROX. ROTATORIA DE MARACA AC.MARANGU","AC.MARANGU","-3.849946","-38.646021","https://www.google.com.br/OutdoorPadrao-282","https://drive.google.com/Gabarito-282"
"283","PADRÃO","CE- 065 PROX. ROTATORIA DE MARACA AC.MARANGU","AC.MARANGU","-3.849946","-38.646021","https://www.google.com.br/OutdoorPadrao-283","https://drive.google.com/Gabarito-283"
"285","PADRÃO","AV. OSORIO DE PAIVA AO LADO VIADUTO ANEL VIAR ","AC. FORTALEZA","-3.826273","-38.623451","https://www.google.com.br/OutdoorPadrao-285","https://drive.google.com/Gabarito-285"
"287","PADRÃO","ARACATI - SAIDA DE ARACATI - AV CEL P. ALEXANDRINO - PX PONTE ENTR","F.PREFEITU","-4.577619","-37.778273","https://www.google.com.br/OutdoorPadrao-287","https://drive.google.com/Gabarito-287"
"288","PADRÃO","AV. WASHINGTON SOARES CURVA TAPIOQUEIRAS - 1","AC. VIA SUL","-3.844657","-38.480518","https://www.google.com.br/OutdoorPadrao-288","https://drive.google.com/Gabarito-288"
"289","PADRÃO","ESTRADA DE BEBERIBE ACESSO PRAIA MORRO BRANCO","AC. PRAIA DE MORRO BR","-3.844657","-38.480518","https://www.google.com.br/OutdoorPadrao-289","https://drive.google.com/Gabarito-289"
"291","PADRÃO","VIA EXPRESSA PROX CHRISTUS – 3","ANT.SALES","-3.749192","-38.493723","https://www.google.com.br/OutdoorPadrao-291","https://drive.google.com/Gabarito-291"
"292","PADRÃO","AV. WASHIGNTON SOARES EM FRENTE A CAVALARIA","F CAMBEBA / MESSEJANA","-3.819958","-38.481577","https://www.google.com.br/OutdoorPadrao-292","https://drive.google.com/Gabarito-292"
"293","PADRÃO","AV. WASHIGNTON SOARES EM FRENTE A CAVALARIA","F CAMBEBA / MESSEJANA","-3.820196","-38.481427","https://www.google.com.br/OutdoorPadrao-293","https://drive.google.com/Gabarito-293"
"300","PADRÃO","AV. GODOFREDO MACIEL. EM FRENTE CARAJÁS","AC. DETRAN","-3.807265","-38.573186","https://www.google.com.br/OutdoorPadrao-300","https://drive.google.com/Gabarito-300"
"301","PADRÃO","AV. GODOFREDO MACIEL. EM FRENTE CARAJÁS","AC. DETRAN","-3.807089","-38.573128","https://www.google.com.br/OutdoorPadrao-301","https://drive.google.com/Gabarito-301"
"302","PADRÃO","AV. GODOFREDO MACIEL. EM FRENTE CARAJÁS","AC. DETRAN","-3.807000","-38.573098","https://www.google.com.br/OutdoorPadrao-302","https://drive.google.com/Gabarito-302"
"303","PADRÃO","AV. GODOFREDO MACIEL. EM FRENTE CARAJÁS","AC. DETRAN","-3.806913","-38.573071","https://www.google.com.br/OutdoorPadrao-303","https://drive.google.com/Gabarito-303"
"304","PADRÃO","AV. EDUARDO SÁ. ESQ. AV AIRTON SENNA","AC. SUPERM ARARIPE","-3.889974","-38.455183","https://www.google.com.br/OutdoorPadrao-304","https://drive.google.com/Gabarito-304"
"305","PADRÃO","AV. EDUARDO SÁ. ESQ. AV AIRTON SENNA","AC. SUPERM ARARIPE","-3.889974","-38.455183","https://www.google.com.br/OutdoorPadrao-305","https://drive.google.com/Gabarito-305"
"306","PADRÃO","AV. CEL CICERO DE SÁ PROX AO SUPERMERCADO ARARIPE","AC. CENTRO","-3.891869","-38.454396","https://www.google.com.br/OutdoorPadrao-306","https://drive.google.com/Gabarito-306"
"307","PADRÃO","AV. JUSCELINO KUBITSCHECK / CHESF","AC PERIMET","-3.825041","-38.538953","https://www.google.com.br/OutdoorPadrao-307","https://drive.google.com/Gabarito-307"
"309","PADRÃO","AV. PERIMETRAL / ESQ COM AV. JUSCELINO KUBITSCHECK - .3","AC. CASTEL","-3.825698","-38.539145","https://www.google.com.br/OutdoorPadrao-309","https://drive.google.com/Gabarito-309"
"315","PADRÃO","AV SANTOS DUMONT PX BANCO SAFRA ESQ R. O. CRUZ","F.PARALELA","-3.735439","-38.500799","https://www.google.com.br/OutdoorPadrao-315","https://drive.google.com/Gabarito-315"
"316","PADRÃO","RUA TIBURCIO CAVALCANTE. ESQ. VICENTE LINHARES","F. AV. JULIO VENTURA","-3.740775","-38.504114","https://www.google.com.br/OutdoorPadrao-316","https://drive.google.com/Gabarito-316"
"317","PADRÃO","AV. BEZERRA DE MENEZES ESQ. COM PEDRO DE QUEIROS","AC. CENTRO","-3.734780","-38.560782","https://www.google.com.br/OutdoorPadrao-317","https://drive.google.com/Gabarito-317"
"318","PADRÃO","RUA PEDRO DE QUEIROS, ESQUINA COM BEZERRA DE MENEZES","AC. CENTRO","-3.734818","-38.560964","https://www.google.com.br/OutdoorPadrao-318","https://drive.google.com/Gabarito-318"
"320","PADRÃO","ROD CE 085 ACESSO CAUCAIA","AC. CAUCAIA","-3.742666","-38.622752","https://www.google.com.br/OutdoorPadrao-320","https://drive.google.com/Gabarito-320"
"321","PADRÃO","ROD CE 085 ACESSO CAUCAIA","AC. CAUCAIA","-3.742666","-38.622752","https://www.google.com.br/OutdoorPadrao-321","https://drive.google.com/Gabarito-321"
"322","PADRÃO","ROD. CE-040 PROX. AO ALPHAVILLE EUSEBIO","AC. FORTALEZA","-3.887240","-38.437873","https://www.google.com.br/OutdoorPadrao-322","https://drive.google.com/Gabarito-322"
"323","PADRÃO","ROD. CE-040 PROX. AO ALPHAVILLE EUSEBIO","AC. FORTALEZA","-3.887240","-38.437873","https://www.google.com.br/OutdoorPadrao-323","https://drive.google.com/Gabarito-323"
"328","PADRÃO","AV. AMERICO BARREIRO. AO LADO DO HABIB´S","AC. AO TERMINAL DA LAGOA","-3.768325","-38.570051","https://www.google.com.br/OutdoorPadrao-328","https://drive.google.com/Gabarito-328"
"329","PADRÃO","AV. AMERICO BARREIRO. AO LADO DO HABIB´S","AC. AO TERMINAL DA LAGOA","-3.768325","-38.570051","https://www.google.com.br/OutdoorPadrao-329","https://drive.google.com/Gabarito-329"
"331","PADRÃO","AV. FRANCISCO SÁ EM FRENTE DEP. RABELO - .1","AC. CENTRO","-3.711105","-38.575690","https://www.google.com.br/OutdoorPadrao-331","https://drive.google.com/Gabarito-331"
"332","PADRÃO","AV. FRANCISCO SÁ EM FRENTE DEP. RABELO - .2","AC. BARRA","-3.711288","-38.575304","https://www.google.com.br/OutdoorPadrao-332","https://drive.google.com/Gabarito-332"
"334","PADRÃO","AV SEN FER TAVORA ESQ. AV LINEU MACHADO","J.CLUBE","-3.765323","-38.576407","https://www.google.com.br/OutdoorPadrao-334","https://drive.google.com/Gabarito-334"
"335","PADRÃO","AV LINEU MACHADO ESQ. AV. SEN FER TAVORA","H.JORGE","-3.765433","-38.576607","https://www.google.com.br/OutdoorPadrao-335","https://drive.google.com/Gabarito-335"
"336","PADRÃO","AV. LINEU MACHADO ESQ. AV. SEN. FERNANDES TAVORA - AO LADO NORTH SHOP. JOQUEI","SAIDA SHOPPING","-3.765433","-38.576607","https://www.google.com.br/OutdoorPadrao-336","https://drive.google.com/Gabarito-336"
"340","PADRÃO","AV. JOSÉ BORBA DE VASCONCELOS.14618","AO LADO DO MIX MATEUS (MARACANAÚ)","-3.879152","-38.596524","https://www.google.com.br/OutdoorPadrao-340","https://drive.google.com/Gabarito-340"
"345","PADRÃO","AV. SENADOR FERNANDES TÁVORA. EM FRENTE AO ASSAI JÓQUEI","SENTIDO SHOPPING JOQUEI","-3.768054","-38.572011","https://www.google.com.br/OutdoorPadrao-345","https://drive.google.com/Gabarito-345"
"346","PADRÃO","AV. SENADOR FERNANDES TÁVORA. EM FRENTE AO ASSAI JÓQUEI","SENTIDO SHOPPING JOQUEI","-3.768054","-38.572011","https://www.google.com.br/OutdoorPadrao-346","https://drive.google.com/Gabarito-346"
"353","PADRÃO","AV. ABOLICAO. ANTES DA IGREJA NSA. SRA. DA SAUDE","SENTIDO CENTRO DE FORTALEZA","-3.724460","-38.482726","https://www.google.com.br/OutdoorPadrao-353","https://drive.google.com/Gabarito-353"
"355","PADRÃO","ROD. CE 040 ENTRADA CENTRO EUSEBIO – 1 ","SHOP.EUSEB","-3.880385","-38.456298","https://www.google.com.br/OutdoorPadrao-355","https://drive.google.com/Gabarito-355"
"356","PADRÃO","ROD. CE 040 ENTRADA CENTRO EUSEBIO – 2","SHOP.EUSEB","-3.880385","-38.456298","https://www.google.com.br/OutdoorPadrao-356","https://drive.google.com/Gabarito-356"
"357","PADRÃO","ROD. CE 040 ENTRADA CENTRO EUSEBIO – 3 ","SHOP.EUSEB","-3.880247","-38.457034","https://www.google.com.br/OutdoorPadrao-357","https://drive.google.com/Gabarito-357"
"358","PADRÃO","AV DR.SILAS MUNGUBA ESQ. R. DR. JUSTA ARAUJO - UECE – 1","PARANGABA","-3.784342","-37.843422","https://www.google.com.br/OutdoorPadrao-358","https://drive.google.com/Gabarito-358"
"359","PADRÃO","AV DR.SILAS MUNGUBA ESQ. R. DR. JUSTA ARAUJO - UECE – 2","PARANGABA","-3.784639","-38.553278","https://www.google.com.br/OutdoorPadrao-359","https://drive.google.com/Gabarito-359"
"360","PADRÃO","AV DR.SILAS MUNGUBA ESQ. R. DR. JUSTA ARAUJO - UECE – 3","PARANGABA","-3.784639","-38.553278","https://www.google.com.br/OutdoorPadrao-360","https://drive.google.com/Gabarito-360"
"361","PADRÃO","AV DR.SILAS MUNGUBA ESQ. R. DR. JUSTA ARAUJO - UECE – 4","PARANGABA","-3.784342","-37.843422","https://www.google.com.br/OutdoorPadrao-361","https://drive.google.com/Gabarito-361"
"362","PADRÃO","AV. JOSÉ HIPOLITO. ESQ. BARÃO DE AQUIRAZ","AC. WASHINGTON SOARES","-3.833794","-38.489926","https://www.google.com.br/OutdoorPadrao-362","https://drive.google.com/Gabarito-362"
"365","PADRÃO","BATURITE - CENTRO BATURITE PX ESTACAO -","AC. FORTALEZA","-4.335218","-38.871756","https://www.google.com.br/OutdoorPadrao-365","https://drive.google.com/Gabarito-365"
"367","PADRÃO","MARANGUAPE - ENTRADA DE MARANG.- AV. DR. AGEU","F. FORTALE","-3.886382","-38.681102","https://www.google.com.br/OutdoorPadrao-367","https://drive.google.com/Gabarito-367"
"369","PADRÃO","GUAIUBA - ENTRADA DA GUAIUBA PX ESTACAO","FORTALEZA","-4.039044","-38.634915","https://www.google.com.br/OutdoorPadrao-369","https://drive.google.com/Gabarito-369"
"370","PADRÃO","MARANGUAPE - CE 065 - PROXIMO AO POSTO DA PRF","SENTIDO MARANGUAPE","-3.854157","-38.649958","https://www.google.com.br/OutdoorPadrao-370","https://drive.google.com/Gabarito-370"
"371","PADRÃO","MARANGUAPE - CE 065 - PROXIMO AO POSTO DA PRF","SENTIDO FORTALEZA","-3.854157","-38.649958","https://www.google.com.br/OutdoorPadrao-371","https://drive.google.com/Gabarito-371"
"373","PADRÃO","RUA DR. JOAQUIM BENTO - ACESSO CENTRO DE MESS ","AC. CENTRO","-3.828431","-38.487877","https://www.google.com.br/OutdoorPadrao-373","https://drive.google.com/Gabarito-373"
"376","PADRÃO","R. PROF COSTA MENDES PX FAC DE MEDICINA – 1","F. SERTAO","-3.751174","-38.550800","https://www.google.com.br/OutdoorPadrao-376","https://drive.google.com/Gabarito-376"
"377","PADRÃO","R. PROF COSTA MENDES PX FAC DE MEDICINA – 2","F. FAC MED","-3.751174","-38.550800","https://www.google.com.br/OutdoorPadrao-377","https://drive.google.com/Gabarito-377"
"378","PADRÃO","PARACURU - ENTRADA DE PARACURU – 2","FORTALEZA","-3.432974","-39.037074","https://www.google.com.br/OutdoorPadrao-378","https://drive.google.com/Gabarito-378"
"380","PADRÃO","AV DOMINGOS OLIMPIO ESQ AV. DA UNIVERSIDADE","F. CENTRO","-3.735668","-38.534128","https://www.google.com.br/OutdoorPadrao-380","https://drive.google.com/Gabarito-380"
"383","PADRÃO","CURVA VIADUTO BR 116 PROX.HOSPITAL DO CORACAO  - 1","AC.FORTALE","-3.809100","-38.500705","https://www.google.com.br/OutdoorPadrao-383","https://drive.google.com/Gabarito-383"
"388","PADRÃO","VIA EXPRESSA PROX CHRISTUS – 1","F.CHRISTUS","-3.751063","-38.495416","https://www.google.com.br/OutdoorPadrao-388","https://drive.google.com/Gabarito-388"
"389","PADRÃO","VIA EXPRESSA PROX CHRISTUS – 2","F.CHRISTUS","-3.751063","-38.495416","https://www.google.com.br/OutdoorPadrao-389","https://drive.google.com/Gabarito-389"
"390","PADRÃO","VIA EXPRESSA PROX CHRISTUS – 3","ANT.SALES","-3.751063","-38.495416","https://www.google.com.br/OutdoorPadrao-390","https://drive.google.com/Gabarito-390"
"392","PADRÃO","REDENCAO - CENTRO DE REDENCAO - PX DOURADINHA","FORTALEZA","-4.222675","-38.723083","https://www.google.com.br/OutdoorPadrao-392","https://drive.google.com/Gabarito-392"
"399","PADRÃO","AV. WASHINGTON SOARES PROX. A ACAL","SENTIDO FABRICA YPIOCA","-3.834474","-38.482532","https://www.google.com.br/OutdoorPadrao-399","https://drive.google.com/Gabarito-399"
"416","PADRÃO","AV. DOMINGOS OLIMPIO PROX ESQ AGUANAMBI – 1","F. CENTRO","-3.738499","-38.525305","https://www.google.com.br/OutdoorPadrao-416","https://drive.google.com/Gabarito-416"
"417","PADRÃO","AV. DOMINGOS OLIMPIO PROX ESQ AGUANAMBI – 2","F. CENTRO","-3.738692","-38.525449","https://www.google.com.br/OutdoorPadrao-417","https://drive.google.com/Gabarito-417"
"418","PADRÃO","ROTATORIA DO CASTELAO  AC. AV. PERIMETRAL - .2","AC. PERIME","-3.807950","-38.525557","https://www.google.com.br/OutdoorPadrao-418","https://drive.google.com/Gabarito-418"
"421","PADRÃO","AV. SEN. CARLOS JEREISSATI. PRÓX. ATACADÃO BR 116","SENTIDO BR 116","-3.784257","-38.518102","https://www.google.com.br/OutdoorPadrao-421","https://drive.google.com/Gabarito-421"
"422","PADRÃO","AV. SEN. CARLOS JEREISSATI. PRÓX. ATACADÃO BR 116","SENTIDO BR 116","-3.784257","-38.518102","https://www.google.com.br/OutdoorPadrao-422","https://drive.google.com/Gabarito-422"
"424","PADRÃO","HORIZONTE - ENTRADA HORIZONTE BR 116 – 1","FORTALEZA","-4.0853543","-38.4991345","https://www.google.com.br/OutdoorPadrao-424","https://drive.google.com/Gabarito-424"
"425","PADRÃO","HORIZONTE - ENTRADA HORIZONTE BR 116 – 2","FORTALEZA","-4.0853543","-38.4991345","https://www.google.com.br/OutdoorPadrao-425","https://drive.google.com/Gabarito-425"
"426","PADRÃO","HORIZONTE - ENTRADA HORIZONTE BR 116","F. SERTAO","-4.0853543","-38.4991345","https://www.google.com.br/OutdoorPadrao-426","https://drive.google.com/Gabarito-426"
"427","PADRÃO","BEBERIBE – ENTRADA DE BEBERIBE - CE - 040  - BEBERIBE","FORTALEZA","-4.185960","-38.153225","https://www.google.com.br/OutdoorPadrao-427","https://drive.google.com/Gabarito-427"
"431","PADRÃO","CURVA VIADUTO BR 116 PROX.HOSPITAL DO CORACAO – 2","AC.FORTALE","-3.809280","-38.500640","https://www.google.com.br/OutdoorPadrao-431","https://drive.google.com/Gabarito-431"
"443","PADRÃO","R.NEREU RAMOS PX AO VIADUTO DA VILA PERY – 1","VIAD.VILA","-3.784052","-38.574420","https://www.google.com.br/OutdoorPadrao-443","https://drive.google.com/Gabarito-443"
"445","PADRÃO","AV. LUCIANO CARNEIRO. EM FRENTE REST. CARAVELLE","SENTIDO AV BORGES DE MELO","-3.765220","-38.536727","https://www.google.com.br/OutdoorPadrao-445","https://drive.google.com/Gabarito-445"
"446","PADRÃO","R. REPULBICA DA ARMENIA. ESQUINA COM EDILSON BRASIL SOARES","SENTIDO AV WHASHINGTON SOARES","-3.789769","-38.481321","https://www.google.com.br/OutdoorPadrao-446","https://drive.google.com/Gabarito-446"
"447","PADRÃO","AV. WASHINGTON SOARES. ESQ. AV. EDILSON BRASIL SOARES","SENTIDO AV WHASHINGTON SOARES","-3.789518","-38.481069","https://www.google.com.br/OutdoorPadrao-447","https://drive.google.com/Gabarito-447"
"449","PADRÃO","AV. WASHINGTON SOARES CURVA TAPIOQUEIRAS - 2","AC. VIA SUL","-3.844657","-38.480518","https://www.google.com.br/OutdoorPadrao-449","https://drive.google.com/Gabarito-449"
"452","PADRÃO","AV. WASHINGTON SOARES PRÓX. AS TAPIOQUEIRAS - 3","AC. VIA SUL","-3.844349","-38.480709","https://www.google.com.br/OutdoorPadrao-452","https://drive.google.com/Gabarito-452"
"464","PADRÃO","AV SEN. FERNANDES TOVORA ESQ.LINEU MACHADO","J.CLUBE","-3.765371","-38.576324","https://www.google.com.br/OutdoorPadrao-464","https://drive.google.com/Gabarito-464"
"465","PADRÃO","AV SEN. FERNANDES TOVORA ESQ.LINEU MACHADO","J.CLUBE","-3.765371","-38.576324","https://www.google.com.br/OutdoorPadrao-465","https://drive.google.com/Gabarito-465"
"468","PADRÃO","R. ANA BILHAR. ESQ. RUA CEL. MANUEL JESUINO","ACESSO ALDEOTA","-3.731525","-38.484348","https://www.google.com.br/OutdoorPadrao-468","https://drive.google.com/Gabarito-468"
"469","PADRÃO","R. ANA BILHAR. ESQ. RUA CEL. MANUEL JESUINO","ACESSO ALDEOTA","-3.731525","-38.484348","https://www.google.com.br/OutdoorPadrao-469","https://drive.google.com/Gabarito-469"
"473","PADRÃO","AV.VISC. DO RIO BCO C/ CLARINDO DE QUEIROZ - 1 - ESTACIO FIC","FAC.MARIST","-3.734453","-38.524417","https://www.google.com.br/OutdoorPadrao-473","https://drive.google.com/Gabarito-473"
"474","PADRÃO","AV.VISC. DO RIO BCO C/ CLARINDO DE QUEIROZ - 2 - ESTACIO FIC","ESTACIO FIC","-3.734453","-38.524417","https://www.google.com.br/OutdoorPadrao-474","https://drive.google.com/Gabarito-474"
"475","PADRÃO","RUA CLARINDO QUEIROZ C/AV.AV.VISC. DO RIO BCO - 3 - ESTACIO FIC","ESTACIO FI","-3.734635","-38.524301","https://www.google.com.br/OutdoorPadrao-475","https://drive.google.com/Gabarito-475"
"476","PADRÃO","RUA CLARINDO QUEIROZ C/AV.AV.VISC. DO RIO BCO - 4 - ESTACIO FIC","ESTACIO FI","-3.734635","-38.524301","https://www.google.com.br/OutdoorPadrao-476","https://drive.google.com/Gabarito-476"
"477","PADRÃO","AV. DOMINGOS OLIMPIO PROX. IGREJA OTAVIO BONFIM- .1","AC.AV.BEZE","-3.732777","-38.542301","https://www.google.com.br/OutdoorPadrao-477","https://drive.google.com/Gabarito-477"
"479","PADRÃO","AV. DOMINGOS OLIMPIO PROX. IGREJA OTAVIO BONFIM - .3","AC.AV.BEZE","-3.732703","-38.542355","https://www.google.com.br/OutdoorPadrao-479","https://drive.google.com/Gabarito-479"
"480","PADRÃO","AV MAESTRO LISBOA. ACESSO BEACH PARK - PROX.CHRISTUS","FORTALEZA","-3.807824","-38.463018","https://www.google.com.br/OutdoorPadrao-480","https://drive.google.com/Gabarito-480"
"481","PADRÃO","AV MAESTRO LISBOA. ACESSO BEACH PARK - PROX.CHRISTUS","FORTALEZA","-3.807824","-38.463018","https://www.google.com.br/OutdoorPadrao-481","https://drive.google.com/Gabarito-481"
"487","PADRÃO","ESTRADA PARA MORRO BRANCO. CENTRO.BEBERIBE","AC CENTRO","-4.178600","-38.128651","https://www.google.com.br/OutdoorPadrao-487","https://drive.google.com/Gabarito-487"
"488","PADRÃO","RUA.CORONEL BIA  -ESQ. RUA .JOÃO BALTAZAR - 1","AC. CENTRO","-4.182452","-38.131824","https://www.google.com.br/OutdoorPadrao-488","https://drive.google.com/Gabarito-488"
"489","PADRÃO","RUA.CORONEL BIA  -ESQ. RUA .JOÃO BALTAZAR - 3 ","AC CENTRO","-4.182616","-38.131870","https://www.google.com.br/OutdoorPadrao-489","https://drive.google.com/Gabarito-489"
"490","PADRÃO","BATURITE - CE 356 - ROTATORIA","SENTIDO BATURITE","-4.379835","-38.828829","https://www.google.com.br/OutdoorPadrao-490","https://drive.google.com/Gabarito-490"
"491","PADRÃO","BIFURCACAO ACESSO FORTALEZA","FACE VOLTA","-4.379631","-38.828997","https://www.google.com.br/OutdoorPadrao-491","https://drive.google.com/Gabarito-491"
"492","PADRÃO","PACATUBA - CE 060 - FRENTE CAMPO DE POUSO","FORTALEZA","-3.934079","-38.608769","https://www.google.com.br/OutdoorPadrao-492","https://drive.google.com/Gabarito-492"
"493","PADRÃO","AV MAESTRO LISBOA.ACESSO BEACH PARK - PROX.CHRISTUS","FORTALEZA","-3.807824","-38.463018","https://www.google.com.br/OutdoorPadrao-493","https://drive.google.com/Gabarito-493"
"494","PADRÃO","AV.ED.BRASIL SOARES ESQ.COM RUA REP.DA ARMENIA   - COL.ARI DE SA.","C.ARI DE SÁ","-3.789543","-38.481337","https://www.google.com.br/OutdoorPadrao-494","https://drive.google.com/Gabarito-494"
"495","PADRÃO","AV.ED.BRASIL SOARES ESQ.COM RUA REP.DA ARMENIA   - COL.ARI DE AS","AV.ED.BRASIL","-3.789543","-38.481337","https://www.google.com.br/OutdoorPadrao-495","https://drive.google.com/Gabarito-495"
"496","PADRÃO","AV. DOMINGOS OLIMPIO  EM FRENTE IGREJA OTAVIO BONFIM  - .4","AC.AV.BEZE","-3.732824","-38.542442","https://www.google.com.br/OutdoorPadrao-496","https://drive.google.com/Gabarito-496"
"511","PADRÃO","AV. JOSE AMERICO PROX.BARBRA´S BUFFET – 1","AC.MESSEJA","-3.810172","-38.483557","https://www.google.com.br/OutdoorPadrao-511","https://drive.google.com/Gabarito-511"
"512","PADRÃO","R. 15 DE NOVEMBRO. ESQ. COM AV. JOÃO PESSOA","SENTIDO AEROPORTO","-3.767568","-38.559670","https://www.google.com.br/OutdoorPadrao-512","https://drive.google.com/Gabarito-512"
"515","PADRÃO","AV. JOSE AMERICO ACESSO W. SOARES  - 2","AC.W.SOARE","-3.810577","-38.483384","https://www.google.com.br/OutdoorPadrao-515","https://drive.google.com/Gabarito-515"
"516","PADRÃO","AV. JOSE AMERICO ACESSO W. SOARES  - 1","AC.W.SOARE","-3.810577","-38.483384","https://www.google.com.br/OutdoorPadrao-516","https://drive.google.com/Gabarito-516"
"517","PADRÃO","ROTATORIA DO CASTELAO  AC. AV. ALBERTO CRAVEIRO - .1","AC. CASTEL","-3.808241","-38.525638","https://www.google.com.br/OutdoorPadrao-517","https://drive.google.com/Gabarito-517"
"518","PADRÃO","AV.PE.JOSE HOLANDA DO VALE - ENT.DE MARACANAU","AC.MARACAN","-3.867456","-38.630228","https://www.google.com.br/OutdoorPadrao-518","https://drive.google.com/Gabarito-518"
"521","PADRÃO","ROTATORIA - ENT. DE MARACANAU ( CE - 065 ) – 1","AC.MARACAN","-3.851117","-38.645909","https://www.google.com.br/OutdoorPadrao-521","https://drive.google.com/Gabarito-521"
"522","PADRÃO","ROTATORIA - ENT. DE MARACANAU ( CE - 065 ) – 2","AC.MARACAN","-3.851117","-38.645909","https://www.google.com.br/OutdoorPadrao-522","https://drive.google.com/Gabarito-522"
"523","PADRÃO","AV.GODOFREDO MACIEL-PROX.BALAO MONDUBIM-AC.CEASA – 3","AC.CEASA","-3.817981","-38.575188","https://www.google.com.br/OutdoorPadrao-523","https://drive.google.com/Gabarito-523"
"531","PADRÃO","R.MANUEL CAST.BCO ESQ.R.BR. AQUIRAZ MESSEJANA - .1","CENTRO","-3.832657","-38.489472","https://www.google.com.br/OutdoorPadrao-531","https://drive.google.com/Gabarito-531"
"532","PADRÃO","R.MANUEL CAST.BCO ESQ.R.BR. AQUIRAZ MESSEJANA - .2","CENTRO","-3.832657","-38.489472","https://www.google.com.br/OutdoorPadrao-532","https://drive.google.com/Gabarito-532"
"536","PADRÃO","AV.JOSE HIPOLITO PROX.PLAZA SHOP.MESSEJANA – 2","AV.W.SOARE","-3.833774","-38.489972","https://www.google.com.br/OutdoorPadrao-536","https://drive.google.com/Gabarito-536"
"537","PADRÃO","AV.JOSE HIPOLITO PROX.PLAZA SHOP.MESSEJANA – 3","W.SOARES","-3.833774","-38.489972","https://www.google.com.br/OutdoorPadrao-537","https://drive.google.com/Gabarito-537"
"541","PADRÃO","EUSEBIO - CE 040 - EM FRENTE COL. FARIAS BRITO BABY","SENTIDO EUSEBIO","-3.866256","-38.468913","https://www.google.com.br/OutdoorPadrao-541","https://drive.google.com/Gabarito-541"
"542","PADRÃO","EUSEBIO - CE 040 - EM FRENTE COL. FARIAS BRITO BABY","SENTIDO EUSEBIO","-3.866256","-38.468913","https://www.google.com.br/OutdoorPadrao-542","https://drive.google.com/Gabarito-542"
"543","PADRÃO","EUSEBIO - CE 040 - EM FRENTE COL. FARIAS BRITO BABY","SENTIDO EUSEBIO","-3.866256","-38.468913","https://www.google.com.br/OutdoorPadrao-543","https://drive.google.com/Gabarito-543"
"544","PADRÃO","EUSEBIO - CE 040 - EM FRENTE COL. FARIAS BRITO BABY","SENTIDO EUSEBIO","-3.866256","-38.468913","https://www.google.com.br/OutdoorPadrao-544","https://drive.google.com/Gabarito-544"
"550","PADRÃO","FORTIM - CE 040 - PROX. ENTRADA DE FORTIM - CE - .                 ","ACESSO FOR ","-4.477017","-37.800899","https://www.google.com.br/OutdoorPadrao-550","https://drive.google.com/Gabarito-550"
"552","PADRÃO","AV. WASHINGTON SOARES. ESQ. SHOP PÁTIO ÁGUA FRIA","SENTIDO UNIFOR","-3.790563","-38.480458","https://www.google.com.br/OutdoorPadrao-552","https://drive.google.com/Gabarito-552"
"553","PADRÃO","AV. WASHINGTON SOARES. ESQ. SHOP PÁTIO ÁGUA FRIA","SENTIDO EUSEBIO","-3.790563","-38.480458","https://www.google.com.br/OutdoorPadrao-553","https://drive.google.com/Gabarito-553"
"554","PADRÃO","AV. WASHINGTON SOARES. ESQ. SHOP PÁTIO ÁGUA FRIA","SENTIDO EUSEBIO","-3.790563","-38.480458","https://www.google.com.br/OutdoorPadrao-554","https://drive.google.com/Gabarito-554"
"557","PADRÃO","AV. WASHINGTON SOARES. ESQ. SHOP PÁTIO ÁGUA FRIA","SENTIDO EUSEBIO","-3.790563","-38.480458","https://www.google.com.br/OutdoorPadrao-557","https://drive.google.com/Gabarito-557"
"559","PADRÃO","AV.DR.SILAS MUNGUBA EM FRENTE SHOPPING PARANGABA  - .1","ENTRADA SH","-3.776974","-38.562184","https://www.google.com.br/OutdoorPadrao-559","https://drive.google.com/Gabarito-559"
"560","PADRÃO","ARACATI - RUA CEL POMPEU EM FRENTE MERCADO  - .1                   ","AC PRAIA   ","-4.564182","-37.770510","https://www.google.com.br/OutdoorPadrao-560","https://drive.google.com/Gabarito-560"
"561","PADRÃO","ARACATI - RUA CEL POMPEU EM FRENTE MERCADO  - .2                   ","AC PRAIA   ","-4.564182","-37.770510","https://www.google.com.br/OutdoorPadrao-561","https://drive.google.com/Gabarito-561"
"573","PADRÃO","AV. BERNARDO MANUEL EM FRENTE LOJA PAHILLY - .1","AC.JOSE WA","-3.803172","-38.552876","https://www.google.com.br/OutdoorPadrao-573","https://drive.google.com/Gabarito-573"
"574","PADRÃO","AV. BERNARDO MANUEL EM FRENTE LOJA PAHILLY - .2","AC JOSÉ WA","-3.803172","-38.552876","https://www.google.com.br/OutdoorPadrao-574","https://drive.google.com/Gabarito-574"
"576","PADRÃO","R. 15 DE NOVEMBRO. ESQ. COM AV. JOÃO PESSOA","SENTIDO AEROPORTO","-3.767633","-38.559462","https://www.google.com.br/OutdoorPadrao-576","https://drive.google.com/Gabarito-576"
"577","PADRÃO","ANEL VIARIO PROX ROTATORIA ACESSO EUSEBIO - .3","ENT. EUSEB","-3.866275","-38.475184","https://www.google.com.br/OutdoorPadrao-577","https://drive.google.com/Gabarito-577"
"578","PADRÃO","ANEL VIARIO PROX ROTATORIA ACESSO EUSEBIO - .1","ENT. EUSEB","-3.866275","-38.475184","https://www.google.com.br/OutdoorPadrao-578","https://drive.google.com/Gabarito-578"
"579","PADRÃO","ANEL VIARIO PROX ROTATORIA ACESSO EUSEBIO - .2","ENT. EUSEB","-3.866275","-38.475184","https://www.google.com.br/OutdoorPadrao-579","https://drive.google.com/Gabarito-579"
"580","PADRÃO","AV AUGUSTO DOS ANJOS PROX SHOP LIBANIZA - .1","AC. SHOP P","-3.776511","-38.575970","https://www.google.com.br/OutdoorPadrao-580","https://drive.google.com/Gabarito-580"
"581","PADRÃO","AV AUGUSTO DOS ANJOS PROX SHOP LIBANIZA - .2","AC. SHOP P","-3.776511","-38.575970","https://www.google.com.br/OutdoorPadrao-581","https://drive.google.com/Gabarito-581"
"585","PADRÃO","AV SANTOS DUMONT PROX BANCO SAFRA - .3","ACESSO A PRAIA","-3.735439","-38.500799","https://www.google.com.br/OutdoorPadrao-585","https://drive.google.com/Gabarito-585"
"590","PADRÃO","AV CHANCELER EDSON QUEIROZ  ACESSO CENTRO DE EVENTOS - .1","FACE AV. R","-3.766024","-38.491469","https://www.google.com.br/OutdoorPadrao-590","https://drive.google.com/Gabarito-590"
"591","PADRÃO","AV CHANCELER EDSON QUEIROZ  ACESSO CENTRO DE EVENTOS - .2","FACE AV RO","-3.766024","-38.491469","https://www.google.com.br/OutdoorPadrao-591","https://drive.google.com/Gabarito-591"
"592","PADRÃO","AV CHANCELER EDSON QUEIROZ AC ROGACIANO LEITE - .3","FACE W. SO","-3.766024","-38.491469","https://www.google.com.br/OutdoorPadrao-592","https://drive.google.com/Gabarito-592"
"596","PADRÃO","AV ROGACIANO LEITE PROX OFF ROAD CENTER - .1","AC. SHOPPING","-3.774001","-38.499096","https://www.google.com.br/OutdoorPadrao-596","https://drive.google.com/Gabarito-596"
"597","PADRÃO","AV ROGACIANO LEITE PROX OFF ROAD CENTER - .2","AC. SHOPPING","-3.774001","-38.499096","https://www.google.com.br/OutdoorPadrao-597","https://drive.google.com/Gabarito-597"
"598","PADRÃO","AV ROGACIANO LEITE ESQ. RUA MONS CARNEIRO - .3","AC AV. OLI","-3.773647","-38.498970","https://www.google.com.br/OutdoorPadrao-598","https://drive.google.com/Gabarito-598"
"599","PADRÃO","AV ROGACIANO LEITE ESQ. RUA MONS CARNEIRO - .4","AC. AV W.","-3.773647","-38.498970","https://www.google.com.br/OutdoorPadrao-599","https://drive.google.com/Gabarito-599"
"600","FRONT LIGHT","AV. OLIVEIRA PAIVA NA IGREJA DA GLÓRIA","CID. FUNC. / CASTELÃO","-3.7966636","-38.4990029","https://www.google.com.br/Front-600","https://drive.google.com/Gabarito-600"
"601","FRONT LIGHT","AV. 13 DE MAIO AO LADO DO VIADUTO","FATIMA / PONTES VIEIRA","-3.7535696","-38.5244839","https://www.google.com.br/Front-601","https://drive.google.com/Gabarito-601"
"602","FRONT LIGHT","AV. TREZE DE MAIO - VIADUTO PONTES VIEIRA. ACESSO UFC","ACESSO UFC","-3.7535696","-38.5244839","https://www.google.com.br/Front-602","https://drive.google.com/Gabarito-602"
"603","FRONT LIGHT","AV WASHINGTON SOARES PX UNIFOR","F.UNIFOR","-3.7742528","-38.4819349","https://www.google.com.br/Front-603","https://drive.google.com/Gabarito-603"
"604","FRONT LIGHT","AV SANTOS DUMONT PX BANCO SAFRA ESQ R. O. CRUZ ","F. CENTRO","-3.7354775","-38.500681","https://www.google.com.br/Front-604","https://drive.google.com/Gabarito-604"
"605","FRONT LIGHT","CE O40 - VIZINHO SHOPPING EUSEBIO - ACESSO FO AC. FORTAL ","EUSEBIO","-3.8694587","-38.4671512","https://www.google.com.br/Front-605","https://drive.google.com/Gabarito-605"
"606","FRONT LIGHT","CE 040 - VIZINHO SHOPPING EUSEBIO - ACESSO EU AC EUSEBIO ","EUSEBIO","-3.8694587","-38.4671512","https://www.google.com.br/Front-606","https://drive.google.com/Gabarito-606"
"607","FRONT LIGHT","AV GODOFREDO MACIEL BALAO DO MONDUBIM","F. CENTRO","-3.8120802","-38.5749174","https://www.google.com.br/Front-607","https://drive.google.com/Gabarito-607"
"608","FRONT LIGHT","AV. DOMINGOS OLIMPIO. NA IGREJA OTAVIO BONFIM","BEZERRA DE MENEZES","-3.7327453","-38.5424898","https://www.google.com.br/Front-608","https://drive.google.com/Gabarito-608"
"609","FRONT LIGHT","AV. DOS EXPEDICIONARIOS. ESQ. AV. EDUARDO GIRÃO. ACESSO MONTESE","F. CENTRO","-3.7508509","-38.5369356","https://www.google.com.br/Front-609","https://drive.google.com/Gabarito-609"
"612","FRONT LIGHT","AV OSORIO PAIVA PX COL LOURENCO FILHO","F. LAGOA","-3.7750984","-38.5656508","https://www.google.com.br/Front-612","https://drive.google.com/Gabarito-612"
"613","FRONT LIGHT","AV. JOVITA FEITOSA. ESQ. AV. HUMBERTO MONTE. ACESSO SHOPPING RIO MAR KENEDY","ACESSO AO RIOMAR KENNEDY","-3.7416509","-38.5668527","Https://www.google.com.br/Front-613","https://drive.google.com/Gabarito-613"
"614","FRONT LIGHT","AV. ENG HUMBERTO MONTE. ESQ. COM AV JOVITA FEITOSA","SHOPPING BENFICA","-3.7416509","-38.5668527","https://www.google.com.br/Front-614","https://drive.google.com/Gabarito-614"
"615","FRONT LIGHT","AV. PONTES VIEIRA. AO LADO DA ASSEMBLEIA LEGISLATIVA","AV. VIRGILIO TAVORA","-3.7514541","-38.502251","https://www.google.com.br/Front-615","https://drive.google.com/Gabarito-615"
"617","FRONT LIGHT","MARANGUAPE - AV. DR. AGEU. ESQ. R. JOSE FERNANDES VIEIRA","ACESSO A CENTRO DE MARANGUAPE","-3.8864602","-38.6811339","https://www.google.com.br/Front-617","https://drive.google.com/Gabarito-617"
"620","MEGA FRONT","AV. SENADOR CARLOS JEREISSATI PROX. VIADUTO MAKRO - .1","AC. BR 116","-3.7842391","-38.5182039","https://www.google.com.br/MegaFront-620","https://drive.google.com/Gabarito-620"
"623","FRONT LIGHT","AV OSORIO PAIVA PX COL LOURENCO FILHO","F.SERTAO","-3.7750984","-38.5656508","https://www.google.com.br/Front-623","https://drive.google.com/Gabarito-623"
"625","FRONT LIGHT","AV. ENG. SANTANA JR. ESQ C/ RUA GILBERETO STUDART","ACESSO AO IGUATEMI","-3.7418147","-38.4858581","https://www.google.com.br/Front-625","https://drive.google.com/Gabarito-625"
"626","FRONT LIGHT","AV. ENG. SANTANA JR. ESQ C/ RUA GILBERETO STUDART","ACESSO A SANTOS DUMONT","-3.7418147","-38.4858581","https://www.google.com.br/Front-626","https://drive.google.com/Gabarito-626"
"628","FRONT LIGHT","AV. BEZERRA DE MENEZES. ESQ. PEDRO DE QUEIROZ","ACESSO CENTRO","-3.7349817","-38.5607073","https://www.google.com.br/Front-628","https://drive.google.com/Gabarito-628"
"629","FRONT LIGHT","AV. BEZERRA DE MENEZES. ESQ. PEDRO DE QUEIROZ","ACESSO CAUCAIA","-3.7349817","-38.5607073","https://www.google.com.br/Front-629","https://drive.google.com/Gabarito-629"
"630","FRONT LIGHT","AV. DOMINGOS OLIMPIO. ESQ. R. EUSEBIO DE SOUZA","ACESSO AV. AGUANAMB","-3.7384707","-38.5253306","https://www.google.com.br/Front-630","https://drive.google.com/Gabarito-630"
"633","FRONT LIGHT","AV. ANTÔNIO SALES. ESQ. CEL JUCÁ","ACESSO PAPICU","-3.7478642","-38.4946871","https://www.google.com.br/Front-633","https://drive.google.com/Gabarito-633"
"634","FRONT LIGHT","AV. ANTÔNIO SALES. ESQ. CEL JUCÁ","ACESSO ANTÔNIO SALES","-3.7478642","-38.4946871","https://www.google.com.br/Front-634","https://drive.google.com/Gabarito-634"
"637","FRONT LIGHT","AV.SEN.CARLOS JEREISSATI EM FRENTE AO AEROPORTO – 2","AC.ATACADA","-3.7804988","-38.5419823","https://www.google.com.br/Front-637","https://drive.google.com/Gabarito-637"
"638","FRONT LIGHT","AV.SEN.CARLOS JEREISSATI EM FRENTE AO AEROPORTO","AC.MONTESE","-3.7804988","-38.5419823","https://www.google.com.br/Front-638","https://drive.google.com/Gabarito-638"
"639","FRONT LIGHT","AV. DOMINGOS OLIMPIO EM FRENTE IGREJA OTAVIO BONFIM - .5","AV.BEZERRA","-3.73281","-38.5422685","https://www.google.com.br/Front-639","https://drive.google.com/Gabarito-639"
"640","FRONT LIGHT","AV. BORGES DE MELO. 1295 - EM FRENTE A RODOVIARIA","SENTIDO BASE AEREA","-3.7591897","-38.5310025","Https://www.google.com.br/Front-640","https://drive.google.com/Gabarito-640"
"641","FRONT LIGHT","AV. BORGES DE MELO. 1295 - EM FRENTE A RODOVIARIA","SENTIDO MONTESE","-3.7591897","-38.5310025","https://www.google.com.br/Front-641","https://drive.google.com/Gabarito-641"
"642","FRONT LIGHT","AV. WASHINGTON SOARES. 7415 - EM FRENTE AO GONZAGUINHA MESSEJANA","SNTIDO EUSEBIO/FORTALEZA","-3.8202681","-38.4811536","https://www.google.com.br/Front-642","https://drive.google.com/Gabarito-642"
"643","FRONT LIGHT","RUA ANA BILHAR. 1150 - ESTACIONAMENTO TURATTI","SENTIDO MEIRELES","-3.7313429","-38.4898864","https://www.google.com.br/Front-643","https://drive.google.com/Gabarito-643"
"646","FRONT LIGHT","AV. WASHINGTON SOARES EM FRENTE SHOPPING DO AUTOMOVEL - .1","AC. CENTRO","-3.776492","-38.481505","https://www.google.com.br/Front-646","https://drive.google.com/Gabarito-646"
"650","FRONT LIGHT","AV DOMINGOS OLIMPIO ESQ AV. DA UNIVERSIDADE","F. BEZERRA","-3.7356951","-38.5340323","https://www.google.com.br/Front-650","https://drive.google.com/Gabarito-650"
"651","FRONT LIGHT","AV SEN.CARLOS JEREISSATI - VIZINHO AEROPORTO","AC.MONTESE","-3.7695112","-38.5496515","https://www.google.com.br/Front-651","https://drive.google.com/Gabarito-651"
"653","FRONT LIGHT","AV OLIVEIRA PAIVA PROX. EXTRA – 1","AC. W. SOA","-3.7957136","-38.4927197","https://www.google.com.br/Front-653","https://drive.google.com/Gabarito-653"
"654","FRONT LIGHT","AV. OLIVEIRA PAIVA. PROX. EXTRA SUPERMERCADO. ACESSO CASTELÃO","ACESSO BR 116 / ARENA CASTELÃO","-3.7957136","-38.4927197","Https://www.google.com.br/Front-654","https://drive.google.com/Gabarito-654"
"655","MEGA FRONT","AV.WASHINGTON SOARES ESQ. AV.EDILSON BRASIL SOARES - PROX. COL.","ACESSO UNI","-3.7900095","-38.4805622","https://www.google.com.br/MegaFront-655","https://drive.google.com/Gabarito-655"
"656","FRONT LIGHT","AV. WASHINGTON SOARES. ESQ. AV. EDILSON BRASIL SOARES","ACESSO EUSEBIO","-3.7900095","-38.4805622","https://www.google.com.br/Front-656","https://drive.google.com/Gabarito-656"
"657","FRONT LIGHT","AV 13 DE MAIO ESQ. COM JAIME BENEVOLO - PX. WIZARD DA","13 DE MAIO 23 BC","-3.7482283","-38.530546","https://www.google.com.br/Front-657","https://drive.google.com/Gabarito-657"
"661","FRONT LIGHT","ROTATORIA AGUANAMBI. ACESSO CENTRO","ACESSO CENTRO","-3.7555911","-38.5228134","Https://www.google.com.br/Front-661","https://drive.google.com/Gabarito-661"
"663","FRONT LIGHT","AV MAESTRO LISBOA ACESSO BEACH PARK","F. W. SOAR","-3.8054736","-38.4494428","https://www.google.com.br/Front-663","https://drive.google.com/Gabarito-663"
"664","FRONT LIGHT","AV MAESTRO LISBOA ACESSO AV.WASHINGTON SOARES","BEACH PARK","-3.8054736","-38.4494428","https://www.google.com.br/Front-664","https://drive.google.com/Gabarito-664"
"668","FRONT LIGHT","AV WASHINGTON SOARES ESQ. COM AV.EDILSON BRASIL SOARES -","COL. ARI W.SOARES","-3.789512","-38.4809852","https://www.google.com.br/Front-668","https://drive.google.com/Gabarito-668"
"670","FRONT LIGHT","RUA ALMEIDA PRADO - EM FRENTE SHOPPING RIOMAR PAPICU. 260 - .","SHOP. RIOM","-3.7397342","-38.4738972","https://www.google.com.br/Front-670","https://drive.google.com/Gabarito-670"
"673","FRONT LIGHT","AV. DR. SILAS MUNGUBA. EM FRENTE SHOP PARANGABA. ACESSO LAGOA DA PARANGABA","SHOPPING","-3.7769799","-38.5621875","https://www.google.com.br/Front-673","https://drive.google.com/Gabarito-673"
"675","FRONT LIGHT","AV. ANTONIO SALES. ESQ. COM OSVALDO CRUZ. ACESSO PRAÇA DA IMPRENSA","ACESSO PRAÇA DA IMPRENSA","-3.7449929","-38.5039052","https://www.google.com.br/Front-675","https://drive.google.com/Gabarito-675"
"677","FRONT LIGHT","AV WASHINGTON SOARES. PROXIMO TAPIOQUEIRA","SENTIDO IGUATEMI","-3.8391165","-38.4793385","https://www.google.com.br/Front-677","https://drive.google.com/Gabarito-677"
"681","FRONT LIGHT","AV MESTRO LISBOA DESCIDA VIADUTO W. SOARES","AC BEACH P","-3.8082427","-38.4774159","https://www.google.com.br/Front-681","https://drive.google.com/Gabarito-681"
"684","FRONT LIGHT","AV. ANTONIIO SALES ESQ. RUA JOSE VILAR -","AC. COCO","-3.7439921","-38.5071409","https://www.google.com.br/Front-684","https://drive.google.com/Gabarito-684"
"686","FRONT LIGHT","AV. SEN. FERNANDES TAVORA AC. AV. LINEU MACHADO - .4","AC. H. JOR","-3.7659122","-38.5753473","https://www.google.com.br/Front-686","https://drive.google.com/Gabarito-686"
"688","FRONT LIGHT","AV. ABOLIÇÃO. ANTES DA IGREJA NSA. SRA. DA SAÚDE","AC. NAUTICO ATLANTICO CEARENSE","-3.724581","-38.482614","https://www.google.com.br/Front-688","https://drive.google.com/Gabarito-688"
"691","MEGA FRONT","EUSEBIO - ROD. CE - 040 EM FRENTE COL. FARIAS BRITO BABY","ACESSO AO SHOPPING EUSEBIO","-3.8663348","-38.4688683","https://www.google.com.br/MegaFront-691","https://drive.google.com/Gabarito-691"
"696","MEGA FRONT","CE 040 - EM FRENTE COL. FARIAS BRITO BABY. ACESSO FORTALEZA","EUSEBIO","-3.8663348","-38.4688683","https://www.google.com.br/MegaFront-696","https://drive.google.com/Gabarito-696"
"697","FRONT LIGHT","VIA EXPRESSA. PRÓX. COL. CHRISTUS","ACESSO RAUL BARBAOSA - 2","-3.7510644","-38.4954176","https://www.google.com.br/Front-697","https://drive.google.com/Gabarito-697"
"698","FRONT LIGHT","AV. LUCIANO CARNEIRO. EM FRENTE REST. CARAVELLE","SENTIDO MONTESE","-3.7650679","-38.5366866","https://www.google.com.br/Front-698","https://drive.google.com/Gabarito-698"
"01","PAINEL LED","AV. AGUANAMBI. 1170 - FÁTIMA. FORTALEZA - CE","CENTRO / BR 116","-3.7471056","-38.5249019","https://www.google.com.br/LedAguanambi","https://drive.google.com/Gabarito-Aguanambi"
"02","PAINEL LED","AV. BEIRA MAR. 4258 - MUCURIPE. FORTALEZA - CE","BEIRA-MAR / MERCADO DOS PEIXES","-3.7230148","-38.4833494","https://www.google.com.br/LedBeiraMar","https://drive.google.com/Gabarito-BeiraMar"
"03","PAINEL LED","AV. WASHINGTON SOARES. 1850 - EDSON QUEIROZ. FORTALEZA - CE","MESSEJANA","-3.7746524","-38.4818407","https://www.google.com.br/LedEmpenaWS","https://drive.google.com/Gabarito-EmpenaWS"
"04","PAINEL LED","AV. DESEMBARGADOR MOREIRA. 1647 - ALDEOTA. FORTALEZA - CE","BEIRA MAR","-3.7406497","-38.4997182","https://www.google.com.br/LedDesembargadorMoreira","https://drive.google.com/Gabarito-DesMoreira"
"05","PAINEL LED","AV. PONTES VIEIRA. 2112 - DIONÍSIO TORRES. FORTALEZA - CE","13º DE MAIO / AV. SENADOR VIRGILIO TAVORA","-3.7514668","-38.5023355","https://www.google.com.br/LedPontesVieira","https://drive.google.com/Gabarito-PontesVieira"
"06","PAINEL LED","AV. SANTOS DUMONT. 3130 - ALDEOTA. FORTALEZA - CE","PRAIA DO FUTURO","-3.736844","-38.496458","https://www.google.com.br/LedSantosDumont","https://drive.google.com/Gabarito-SantosDumont"
"07","PAINEL LED","AV. DOM LUIS. 1350 - ALDEOTA. FORTALEZA - CE","ALDEOTA / CENTRO","-3.7359013","-38.4893656","https://www.google.com.br/LedDomLuis","https://drive.google.com/Gabarito-DomLuis"
"08","PAINEL LED","RUA PROFESSOR OTÁVIO LOBO. 755 - COCÓ. FORTALEZA - CE","CENTRO DE EVENTOS / UNIFOR","-3.7465752","-38.4798015","https://www.google.com.br/LedPortugalia","https://drive.google.com/Gabarito-Portugalia"
"09","PAINEL LED","Av. WASHINGTON SOARES. 300 - GUARARAPES. FORTALEZA - CE","CENTRO DE EVENTOS / UNIFOR","-3.7578064","-38.4886071","https://www.google.com.br/LedIguatemi","https://drive.google.com/Gabarito-Iguatemi"
"10","PAINEL LED","AV. TREZE DE MAIO. 406 - FÁTIMA, FORTALEZA - CE","AV. PONTES VIEIRA","-3.7528732","-38.5251531","https://www.google.com.br/Led13deMaio","https://drive.google.com/Gabarito-13deMaio"
"11","PAINEL LED","AV. TRISTÃO GONÇALVES. 1074 - CENTRO. FORTALEZA - CE","SENTIDO DUQUE DE CAXIAS","-3.7305393","-38.5342469","https://www.google.com.br/LedAcalCentro","https://drive.google.com/Gabarito-AcalCentro"
"12","PAINEL LED","AV. DESEMBARGADOR MOREIRA. 2211 - DIONÍSIO TORRES. FORTALEZA - CE","SENTIDO PRAIA","-3.744275","-38.5008897","https://www.google.com.br/LedAcalDesMoreira","https://drive.google.com/Gabarito-AcalDesMoreira"
"13","PAINEL LED","AV. ANTÔNIO SALES. 1777 - JOAQUIM TÁVORA. FORTALEZA - CE","PRAÇA DA IMPRENSA","-3.743687","-38.5081236","https://www.google.com.br/LedAntonioSales","https://drive.google.com/Gabarito-AntonioSales"
"14","PAINEL LED","AV. WASHINGTON SOARES. 9470 - GUAJIRU. FORTALEZA - CE","SENTIDO EUSEBIO","-3.834062","-38.482598","https://www.google.com.br/LedWashingtonSoares","https://drive.google.com/Gabarito-Washington-Soares"